,tau,Accuracy,Precision,Recall,F1,ROC_AUC,tn,fp,fn,tp,Accuracy_PA,Precision_PA,Recall_PA,F1_PA,tn_PA,fp_PA,fn_PA,tp_PA
online,0.5371933808326722,0.9564077089431653,0.9455472034654097,0.6798329180712297,0.790970808598621,0.8932499856374024,393198,2137,17476,37108,0.9752977758218702,0.9552404490616622,0.8355378865601641,0.8913884762723789,393198,2137,8977,45607