,Accuracy,Precision,Recall,F1,tn,fp,fn,tp,Accuracy_PA,Precision_PA,Recall_PA,F1_PA,tn_PA,fp_PA,fn_PA,tp_PA
Q90.000,0.7947178450043538,0.006833945328437373,0.9013452914798207,0.013565041336257803,112970,29211,22,201,0.7947178450043538,0.006833945328437373,0.9013452914798207,0.013565041336257803,112970,29211,22,201
Q100.000,0.998434032751889,1.0,0.0,0.0,142181,0,223,0,0.998434032751889,1.0,0.0,0.0,142181,0,223,0
